Time,Voltage,PDP 0,PDP 1,PDP 14,PDP 15,Total Current,
20:55:04.054,11.7109375,0,0,0,0,0,
20:55:04.074,11.69140625,0,0,0,0,0,
20:55:04.094,11.7421875,0,0,0,0,0,
20:55:04.114,11.69140625,0,0,0,0,0,
20:55:04.134,11.6796875,0,0,0,0,0,
20:55:04.154,11.72265625,0,0,0,0,0,
20:55:04.174,11.734375,0,0,0,0,0,
20:55:04.194,11.6796875,0,0,0,0,0,
20:55:04.214,11.69140625,0,0,0,0,0,
20:55:04.234,11.7109375,0,0,0,0,0,
20:55:04.254,11.72265625,0,0,0,0,0,
20:55:04.274,11.68359375,0,0,0,0,0,
20:55:04.294,11.6640625,0,0,0,0,0,
20:55:04.314,11.69140625,0,0,0,0,0,
20:55:04.334,11.72265625,0,0,0,0,0,
20:55:04.354,11.6953125,0,0,0,0,0,
20:55:04.374,11.671875,0,0,0,0,0,
20:55:04.394,11.69140625,0,0,0,0,0,
20:55:04.414,11.703125,0,0,0,0,0,
20:55:04.434,11.703125,0,0,0,0,0,
20:55:04.454,11.68359375,0,0,0,0,0,
20:55:04.474,11.68359375,0,0,0,0,0,
20:55:04.494,11.6953125,0,0,0,0,0,
20:55:04.514,11.7421875,0,0,0,0,0,
20:55:04.534,11.68359375,0,0,0,0,0,
20:55:04.554,11.6640625,0,0,0,0,0,
20:55:04.574,11.703125,0,0,0,0,0,
20:55:04.594,11.71484375,0,0,0,0,0,
20:55:04.614,11.7109375,0,0,0,0,0,
20:55:04.634,11.6953125,0,0,0,0,0,
20:55:04.654,11.390625,0,0,0,2.625,2.625,
20:55:04.674,10.30859375,0,0,0,2.625,2.625,
20:55:04.694,9.08984375,0,0,0,2.625,2.625,
20:55:04.714,9.3359375,0,0,0,2.625,2.625,
20:55:04.734,9.15234375,2,1.875,27.25,40.125,71.25,
20:55:04.754,9.27734375,2,1.875,27.25,40.125,71.25,
20:55:04.774,9.2734375,2.25,2,40.625,52.5,97.375,
20:55:04.794,9.16015625,2.25,2,40.625,52.5,97.375,
20:55:04.814,9.34765625,2.25,2,40.625,52.5,97.375,
20:55:04.834,9.1796875,2.25,2,40.625,52.5,97.375,
20:55:04.854,9.1796875,2.375,2.125,40.125,48.75,93.375,
20:55:04.874,9.234375,2.375,2.125,40.125,48.75,93.375,
20:55:04.894,9.37109375,2.25,1.875,37.125,48.75,90,
20:55:04.914,10.08203125,2.25,1.875,37.125,48.75,90,
20:55:04.934,9.7421875,2.25,1.875,37.125,48.75,90,
20:55:04.954,9.56640625,2.25,1.875,37.125,48.75,90,
20:55:04.974,11.296875,0,0,32.625,31.625,64.25,
20:55:04.994,11.48828125,0,0,32.625,31.625,64.25,
20:55:05.014,11.53515625,0,0,32.625,31.625,64.25,
20:55:05.034,11.5703125,0,0,3.875,1.875,5.75,
20:55:05.054,11.5703125,0,0,3.875,1.875,5.75,
20:55:05.074,11.62109375,0,0,3.875,1.875,5.75,
20:55:05.094,11.55859375,0,0,0,0,0,
20:55:05.114,11.58984375,0,0,0,0,0,
20:55:05.134,11.62109375,0,0,0,0,0,
20:55:05.154,11.62890625,0,0,0,0,0,
20:55:05.174,11.6640625,0,0,0,0,0,
20:55:05.194,11.59765625,0,0,0,0,0,
20:55:05.214,11.578125,0,0,0,0,0,
20:55:05.234,11.578125,0,0,0,0,0,
20:55:05.254,11.68359375,0,0,0,0,0,
20:55:05.274,11.6484375,0,0,0,0,0,
20:55:05.294,11.6484375,0,0,0,0,0,
20:55:05.314,11.6484375,0,0,0,0,0,
20:55:05.334,11.62109375,0,0,0,0,0,
20:55:05.354,11.68359375,0,0,0,0,0,
20:55:05.374,11.6640625,0,0,0,0,0,
20:55:05.394,11.6484375,0,0,0,0,0,
20:55:05.414,10.6875,0,0,0,0,0,
20:55:05.434,10.03125,0,0,4.375,6.875,11.25,
20:55:05.454,9.9140625,0,0,4.375,6.875,11.25,
20:55:05.474,9.59765625,1.875,0,30,36.125,68,
20:55:05.494,9.265625,1.875,0,30,36.125,68,
20:55:05.514,9.61328125,1.875,0,30,36.125,68,
20:55:05.534,11.46484375,1.875,0,30,36.125,68,
20:55:05.554,11.546875,2.25,1.875,29.25,30.25,63.625,
20:55:05.574,11.51953125,2.25,1.875,29.25,30.25,63.625,
20:55:05.594,11.546875,2.25,1.875,0,0,4.125,
20:55:05.614,11.5859375,2.25,1.875,0,0,4.125,
20:55:05.634,11.58984375,0,0,0,0,0,
20:55:05.654,11.58984375,0,0,0,0,0,
20:55:05.674,11.546875,0,0,0,0,0,
20:55:05.694,11.58984375,0,0,0,0,0,
20:55:05.714,11.640625,0,0,0,0,0,
20:55:05.734,11.59765625,0,0,0,0,0,
20:55:05.754,11.33984375,0,0,0,0,0,
20:55:05.774,11.5859375,0,0,0,0,0,
20:55:05.794,11.59765625,0,0,0,0,0,
20:55:05.814,11.65234375,0,0,0,0,0,
20:55:05.834,11.62890625,0,0,0,0,0,
20:55:05.854,11.5859375,0,0,0,0,0,
20:55:05.874,11.6015625,0,0,0,0,0,
20:55:05.894,11.55078125,0,0,0,0,0,
20:55:05.914,11.6640625,0,0,0,0,0,
20:55:05.934,11.4453125,0,0,0,0,0,
20:55:05.954,11.5390625,0,0,0,0,0,
20:55:05.974,11.609375,0,0,0,0,0,
20:55:05.994,11.5703125,0,0,0,0,0,
20:55:06.014,11.51953125,0,0,0,0,0,
20:55:06.034,11.53515625,0,0,0,0,0,
20:55:06.054,11.45703125,0,0,2.75,2.875,5.625,
20:55:06.074,11.46484375,0,0,2.75,2.875,5.625,
20:55:06.094,11.5078125,0,0,2.75,2.875,5.625,
20:55:06.114,11.484375,0,0,2.5,2.625,5.125,
20:55:06.134,11.40625,0,0,2.5,2.625,5.125,
20:55:06.154,11.55859375,0,0,2.5,2.625,5.125,
20:55:06.174,11.6796875,0,0,2.5,2.625,5.125,
20:55:06.194,11.6171875,0,0,2.25,0,2.25,
20:55:06.214,11.66015625,0,0,2.25,0,2.25,
20:55:06.234,11.671875,0,0,2.25,0,2.25,
20:55:06.254,11.6640625,0,0,0,0,0,
20:55:06.274,11.6953125,0,0,0,0,0,
20:55:06.294,11.6796875,0,0,0,0,0,
20:55:06.314,11.6171875,0,0,0,0,0,
20:55:06.334,11.6171875,0,0,0,0,0,
20:55:06.354,11.65234375,0,0,0,0,0,
20:55:06.374,11.68359375,0,0,0,0,0,
20:55:06.394,11.6015625,0,0,0,0,0,
20:55:06.414,11.5859375,0,0,0,0,0,
20:55:06.434,11.62109375,0,0,0,0,0,
20:55:06.454,11.62109375,0,0,0,0,0,
20:55:06.474,11.6171875,0,0,0,0,0,
20:55:06.494,11.65234375,0,0,0,0,0,
20:55:06.514,11.6640625,0,0,0,0,0,
20:55:06.534,11.6640625,0,0,0,0,0,
20:55:06.554,11.62109375,0,0,0,0,0,
20:55:06.574,11.640625,0,0,0,0,0,
20:55:06.594,11.66015625,0,0,0,0,0,
20:55:06.614,11.6640625,0,0,0,0,0,
20:55:06.634,11.6796875,0,0,0,0,0,
20:55:06.654,11.6171875,0,0,0,0,0,
20:55:06.674,11.49609375,0,0,0,0,0,
20:55:06.694,11.4453125,0,0,2.25,2.125,4.375,
20:55:06.714,11.4765625,0,0,2.25,2.125,4.375,
20:55:06.734,11.4140625,0,0,2.25,2.125,4.375,
20:55:06.754,11.27734375,0,0,2.25,2.125,4.375,
20:55:06.774,11.27734375,0,0,3.875,4.75,8.625,
20:55:06.794,11.28125,0,0,3.875,4.75,8.625,
20:55:06.814,11.33984375,0,0,5.5,6.5,12,
20:55:06.834,11.30859375,0,0,5.5,6.5,12,
20:55:06.854,10.875,0,0,5.5,6.5,12,
20:55:06.874,10.14453125,0,0,5.5,6.5,12,
20:55:06.894,9.7734375,2,1.75,14.875,22.125,40.75,
20:55:06.914,9.3359375,2,1.75,14.875,22.125,40.75,
20:55:06.934,9.43359375,2,1.75,14.875,22.125,40.75,
20:55:06.954,9.46875,2,1.875,35.25,48,87.125,
20:55:06.974,9.35546875,2,1.875,35.25,48,87.125,
20:55:06.994,9.46875,2,1.875,35.25,48,87.125,
20:55:07.014,9.54296875,0,0,37.375,44,81.375,
20:55:07.034,9.4609375,0,0,37.375,44,81.375,
20:55:07.054,9.625,0,0,37.375,44,81.375,
20:55:07.074,9.53515625,1.875,1.75,34.625,42.75,81,
20:55:07.094,9.625,1.875,1.75,34.625,42.75,81,
20:55:07.114,9.66015625,1.875,1.75,34.625,42.75,81,
20:55:07.134,9.6875,1.875,1.75,34.625,42.75,81,
20:55:07.154,9.69140625,0,0,34.125,40.875,75,
20:55:07.174,9.7421875,0,0,34.125,40.875,75,
20:55:07.194,9.73828125,0,0,30.625,40,70.625,
20:55:07.214,9.75,0,0,30.625,40,70.625,
20:55:07.234,11.4140625,0,0,30.625,40,70.625,
20:55:07.254,11.52734375,0,0,30.625,40,70.625,
20:55:07.274,11.546875,0,0,10,6.875,16.875,
20:55:07.294,11.55078125,0,0,10,6.875,16.875,
20:55:07.314,11.578125,0,0,10,6.875,16.875,
20:55:07.334,11.5703125,0,0,10,6.875,16.875,
20:55:07.354,11.6015625,0,0,0,0,0,
20:55:07.374,11.62109375,0,0,0,0,0,
20:55:07.394,11.578125,0,0,0,0,0,
20:55:07.414,11.59765625,0,0,0,0,0,
20:55:07.434,11.6328125,0,0,0,0,0,
20:55:07.454,11.6484375,0,0,0,0,0,
20:55:07.474,11.578125,0,0,0,0,0,
20:55:07.494,11.515625,0,0,0,0,0,
20:55:07.514,11.52734375,0,0,0,0,0,
20:55:07.534,11.56640625,0,0,0,0,0,
20:55:07.554,11.6328125,0,0,0,0,0,
20:55:07.574,11.58984375,0,0,0,0,0,
20:55:07.594,11.578125,0,0,0,0,0,
20:55:07.614,11.62890625,0,0,0,0,0,
20:55:07.634,11.6640625,0,0,0,0,0,
20:55:07.654,11.6328125,0,0,0,0,0,
20:55:07.674,11.6171875,0,0,0,0,0,
20:55:07.694,11.56640625,0,0,0,0,0,
20:55:07.714,11.609375,0,0,0,0,0,
20:55:07.734,11.62890625,0,0,0,0,0,
20:55:07.754,11.58984375,0,0,0,0,0,
20:55:07.774,11.62890625,0,0,0,0,0,
20:55:07.794,11.6328125,0,0,0,0,0,
20:55:07.814,11.6640625,0,0,0,0,0,
20:55:07.834,11.69140625,0,0,0,0,0,
20:55:07.854,11.6484375,0,0,0,0,0,
20:55:07.874,11.62109375,0,0,0,0,0,
20:55:07.894,11.609375,0,0,0,0,0,
20:55:07.914,11.6796875,0,0,0,0,0,
20:55:07.934,11.671875,0,0,0,0,0,
20:55:07.954,11.6171875,0,0,0,0,0,
20:55:07.974,11.6484375,0,0,0,0,0,
20:55:07.994,11.69140625,0,0,0,0,0,
20:55:08.014,11.671875,0,0,0,0,0,
20:55:08.034,11.6171875,0,0,0,0,0,
20:55:08.054,11.6328125,0,0,0,0,0,
20:55:08.074,11.6484375,0,0,0,0,0,
20:55:08.094,11.703125,0,0,0,0,0,
20:55:08.114,11.6484375,0,0,0,0,0,
20:55:08.134,11.640625,0,0,0,0,0,
20:55:08.154,11.6796875,0,0,0,0,0,
20:55:08.174,11.68359375,0,0,0,0,0,
20:55:08.194,11.671875,0,0,0,0,0,
20:55:08.214,11.65234375,0,0,0,0,0,
20:55:08.234,11.671875,0,0,0,0,0,
20:55:08.254,11.6953125,0,0,0,0,0,
20:55:08.274,11.71484375,0,0,0,0,0,
20:55:08.294,11.62890625,0,0,0,0,0,
20:55:08.314,11.68359375,0,0,0,0,0,
20:55:08.334,11.6796875,0,0,0,0,0,
20:55:08.354,11.68359375,0,0,0,0,0,
20:55:08.374,11.66015625,0,0,0,0,0,
20:55:08.394,11.6328125,0,0,0,0,0,
20:55:08.414,11.6484375,0,0,0,0,0,
20:55:08.434,11.6484375,0,0,0,0,0,
20:55:08.454,11.66015625,0,0,0,0,0,
20:55:08.474,11.59765625,0,0,0,0,0,
20:55:08.494,11.5859375,2.125,0,0,0,2.125,
20:55:08.514,11.640625,2.125,0,0,0,2.125,
20:55:08.534,11.671875,2.125,0,0,0,2.125,
20:55:08.554,11.703125,2,0,0,0,2,
20:55:08.574,11.65234375,2,0,0,0,2,
20:55:08.594,11.671875,2,0,0,0,2,
20:55:08.614,11.6796875,2,0,0,0,2,
20:55:08.634,11.68359375,0,0,0,0,0,
20:55:08.654,11.6953125,0,0,0,0,0,
20:55:08.674,11.6640625,0,0,0,0,0,
20:55:08.694,11.65234375,0,0,0,0,0,
20:55:08.714,11.68359375,0,0,0,0,0,
20:55:08.734,11.7109375,0,0,0,0,0,
20:55:08.754,11.640625,0,0,0,0,0,
20:55:08.774,11.6484375,0,0,0,0,0,
20:55:08.794,11.671875,0,0,0,0,0,
20:55:08.814,11.69140625,0,0,0,0,0,
20:55:08.834,11.6796875,0,0,0,0,0,
20:55:08.854,11.65234375,0,0,0,0,0,
20:55:08.874,11.6640625,0,0,0,0,0,
20:55:08.894,11.68359375,0,0,0,0,0,
20:55:08.914,11.71484375,0,0,0,0,0,
20:55:08.934,11.6640625,0,0,0,0,0,
20:55:08.954,11.703125,0,0,0,0,0,
20:55:08.974,11.7109375,0,0,0,0,0,
20:55:08.994,11.7109375,0,0,0,0,0,
20:55:09.014,11.7109375,0,0,0,0,0,
20:55:09.034,11.6484375,0,0,0,0,0,
20:55:09.054,11.6796875,0,0,0,0,0,
20:55:09.074,11.703125,0,0,0,0,0,
20:55:09.094,11.69140625,0,0,0,0,0,
20:55:09.114,11.65234375,0,0,0,0,0,
20:55:09.134,11.66015625,0,0,0,0,0,
20:55:09.154,11.69140625,0,0,0,0,0,
20:55:09.174,11.6953125,0,0,0,0,0,
20:55:09.194,11.6796875,0,0,0,0,0,
20:55:09.214,11.65234375,0,0,0,0,0,
20:55:09.234,11.6796875,0,0,0,0,0,
20:55:09.254,11.6796875,0,0,0,0,0,
20:55:09.274,11.6953125,0,0,0,0,0,
20:55:09.294,11.68359375,0,0,0,0,0,
20:55:09.314,11.6953125,0,0,0,0,0,
20:55:09.334,11.6953125,0,0,0,0,0,
20:55:09.354,11.6953125,0,0,0,0,0,
20:55:09.374,11.6953125,0,0,0,0,0,
20:55:09.394,11.6953125,0,0,0,0,0,
20:55:09.414,11.6953125,0,0,0,0,0,
20:55:09.434,11.6953125,0,0,0,0,0,
20:55:09.454,11.6953125,0,0,0,0,0,
20:55:09.474,11.6796875,0,0,0,0,0,
20:55:09.494,11.671875,0,0,0,0,0,
20:55:09.514,11.68359375,0,0,0,0,0,
20:55:09.534,11.68359375,0,0,0,0,0,
20:55:09.554,11.68359375,0,0,0,0,0,
20:55:09.574,11.68359375,0,0,0,0,0,
20:55:09.594,11.68359375,0,0,0,0,0,
20:55:09.614,11.68359375,0,0,0,0,0,
20:55:09.634,11.703125,0,0,0,0,0,
20:55:09.654,11.703125,0,0,0,0,0,
20:55:09.674,11.6640625,0,0,0,0,0,
20:55:09.694,11.671875,0,0,8.125,17.875,26,
20:55:09.714,9.40234375,0,0,8.125,17.875,26,
20:55:09.734,9.3984375,0,0,8.125,17.875,26,
20:55:09.754,9.3984375,0,0,8.125,17.875,26,
20:55:09.774,9.3984375,0,0,8.125,17.875,26,
20:55:09.794,9.234375,0,0,8.125,17.875,26,
20:55:09.814,9.24609375,0,0,8.125,17.875,26,
20:55:09.834,9.1953125,0,0,38.875,51.875,90.75,
20:55:09.854,9.1953125,0,0,38.875,51.875,90.75,
20:55:09.874,9.1953125,0,0,38.875,51.875,90.75,
20:55:09.894,9.1953125,0,0,38.875,51.875,90.75,
20:55:09.914,9.265625,0,0,38.875,51.875,90.75,
20:55:09.934,9.25390625,0,0,38.875,51.875,90.75,
20:55:09.954,9.390625,0,0,37.625,45.625,83.25,
20:55:09.974,11.4453125,0,0,37.625,45.625,83.25,
20:55:09.994,11.515625,0,0,0,0,0,
20:55:10.014,11.515625,0,0,0,0,0,
20:55:10.034,11.515625,0,0,0,0,0,
20:55:10.054,11.515625,0,0,0,0,0,
20:55:10.074,11.515625,0,0,0,0,0,
20:55:10.094,11.515625,0,0,0,0,0,
20:55:10.114,11.53515625,0,0,0,0,0,
20:55:10.134,11.51953125,0,0,0,0,0,
20:55:10.154,11.50390625,0,0,0,0,0,
20:55:10.174,11.50390625,0,0,0,0,0,
20:55:10.194,11.50390625,0,0,0,0,0,
20:55:10.214,11.50390625,0,0,0,0,0,
20:55:10.234,11.50390625,0,0,0,0,0,
20:55:10.254,11.609375,0,0,0,0,0,
20:55:10.274,11.58984375,0,0,0,0,0,
20:55:10.294,11.58984375,0,0,0,0,0,
20:55:10.314,11.55078125,0,0,0,0,0,
20:55:10.334,9.78125,0,0,3.375,12.625,16,
20:55:10.354,9.7109375,0,0,36.75,49.25,86,
20:55:10.374,9.7109375,0,0,36.75,49.25,86,
20:55:10.394,9.7109375,0,0,36.75,49.25,86,
20:55:10.414,9.7109375,0,0,36.75,49.25,86,
20:55:10.434,9.7109375,0,0,36.75,49.25,86,
20:55:10.454,11.3828125,0,0,36.75,49.25,86,
20:55:10.474,11.39453125,0,0,36.75,49.25,86,
20:55:10.494,11.39453125,0,0,36.75,49.25,86,
20:55:10.514,11.390625,0,0,36.75,49.25,86,
20:55:10.534,10.078125,0,0,17.75,17.75,35.5,
20:55:10.554,10.09375,0,0,17.75,17.75,35.5,
20:55:10.574,10.27734375,0,0,17.75,17.75,35.5,
20:55:10.594,11.296875,0,0,18.375,26.125,44.5,
20:55:10.614,11.4765625,0,0,18.375,26.125,44.5,
20:55:10.634,11.49609375,0,0,18.375,26.125,44.5,
20:55:10.654,11.546875,0,0,0,0,0,
20:55:10.674,11.5078125,0,0,0,0,0,
20:55:10.694,11.49609375,0,0,0,0,0,
20:55:10.714,11.55859375,0,0,0,0,0,
20:55:10.734,11.5703125,0,0,0,0,0,
20:55:10.754,11.5703125,0,0,0,0,0,
20:55:10.774,11.5859375,0,0,0,0,0,
20:55:10.794,11.45703125,0,0,0,0,0,
20:55:10.814,11.55078125,0,0,0,0,0,
20:55:10.834,11.5390625,0,0,0,0,0,
20:55:10.854,11.5703125,0,0,0,0,0,
20:55:10.874,11.53515625,0,0,0,0,0,
20:55:10.894,11.51953125,0,0,0,0,0,
20:55:10.914,11.578125,0,0,0,0,0,
20:55:10.934,11.6015625,0,0,0,0,0,
20:55:10.954,11.62109375,0,0,0,0,0,
20:55:10.974,11.55859375,0,0,0,0,0,
20:55:10.994,11.56640625,0,0,0,0,0,
20:55:11.014,11.546875,0,0,0,0,0,
20:55:11.034,11.58984375,0,0,0,0,0,
20:55:11.054,11.62109375,0,0,0,0,0,
20:55:11.074,11.55859375,0,0,0,0,0,
20:55:11.094,11.5703125,0,0,0,0,0,
20:55:11.114,11.58984375,0,0,0,0,0,
20:55:11.134,11.6171875,0,0,0,0,0,
20:55:11.154,11.640625,0,0,0,0,0,
20:55:11.174,11.55859375,0,0,0,0,0,
20:55:11.194,11.58984375,0,0,0,0,0,
20:55:11.214,11.640625,0,0,0,0,0,
20:55:11.234,11.6328125,0,0,0,0,0,
20:55:11.254,11.6328125,0,0,0,0,0,
20:55:11.274,11.59765625,0,0,0,0,0,
20:55:11.294,11.609375,0,0,0,0,0,
20:55:11.314,11.640625,0,0,0,0,0,
20:55:11.334,11.66015625,0,0,0,0,0,
20:55:11.354,11.58984375,0,0,0,0,0,
20:55:11.374,11.6171875,0,0,0,0,0,
20:55:11.394,11.609375,0,0,0,0,0,
20:55:11.414,11.62890625,0,0,0,0,0,
20:55:11.434,11.66015625,0,0,0,0,0,
20:55:11.454,11.58984375,0,0,0,0,0,
20:55:11.474,11.609375,0,0,0,0,0,
20:55:11.494,11.62890625,0,0,0,0,0,
20:55:11.514,11.640625,0,0,0,0,0,
20:55:11.534,11.640625,0,0,0,0,0,
20:55:11.554,11.5859375,0,0,0,0,0,
20:55:11.574,11.5703125,0,0,0,0,0,
20:55:11.594,11.5703125,0,0,0,0,0,
20:55:11.614,11.640625,0,0,0,0,0,
20:55:11.634,11.6328125,0,0,0,0,0,
20:55:11.654,11.62890625,0,0,0,0,0,
20:55:11.674,11.65234375,0,0,0,0,0,
20:55:11.694,11.66015625,0,0,0,0,0,
20:55:11.714,11.62890625,0,0,0,0,0,
20:55:11.734,11.6328125,0,0,0,0,0,
20:55:11.754,11.62890625,0,0,0,0,0,
20:55:11.774,11.65234375,0,0,0,0,0,
20:55:11.794,11.6796875,0,0,0,0,0,
20:55:11.814,11.65234375,0,0,0,0,0,
20:55:11.834,11.6171875,0,0,0,0,0,
20:55:11.854,11.58984375,0,0,0,0,0,
20:55:11.874,11.62890625,0,0,0,0,0,
20:55:11.894,11.65234375,0,0,0,0,0,
20:55:11.914,11.62109375,0,0,0,0,0,
20:55:11.934,11.5859375,0,0,0,0,0,
20:55:11.954,11.6171875,0,0,0,0,0,
20:55:11.974,11.6484375,0,0,0,0,0,
20:55:11.994,11.671875,0,0,0,0,0,
20:55:12.014,11.62890625,0,0,0,0,0,
20:55:12.034,11.640625,0,0,0,0,0,
20:55:12.054,11.65234375,0,0,0,0,0,
20:55:12.074,11.68359375,0,0,0,0,0,
20:55:12.094,11.68359375,0,0,0,0,0,
20:55:12.114,11.640625,0,0,0,0,0,
20:55:12.134,11.6328125,0,0,0,0,0,
20:55:12.154,11.671875,0,0,0,0,0,
20:55:12.174,11.640625,0,0,0,0,0,
20:55:12.194,11.68359375,0,0,0,0,0,
20:55:12.214,11.609375,0,0,0,0,0,
20:55:12.234,11.59765625,0,0,0,0,0,
20:55:12.254,11.6484375,0,0,0,0,0,
20:55:12.274,11.6640625,0,0,0,0,0,
20:55:12.294,11.6484375,0,0,0,0,0,
20:55:12.314,11.6171875,0,0,0,0,0,
20:55:12.334,11.6484375,0,0,0,0,0,
20:55:12.354,11.6484375,0,0,0,0,0,
20:55:12.374,11.66015625,0,0,0,0,0,
20:55:12.394,11.6015625,0,0,0,0,0,
20:55:12.414,11.62890625,0,0,0,0,0,
20:55:12.434,11.640625,0,0,0,0,0,
20:55:12.454,11.65234375,0,0,0,0,0,
20:55:12.474,11.6640625,0,0,0,0,0,
20:55:12.494,11.6328125,0,0,0,0,0,
20:55:12.514,11.6328125,0,0,0,0,0,
20:55:12.534,11.6640625,0,0,0,0,0,
20:55:12.554,11.6640625,0,0,0,0,0,
20:55:12.574,11.671875,0,0,0,0,0,
20:55:12.594,11.62890625,0,0,0,0,0,
20:55:12.614,11.62109375,0,0,0,0,0,
20:55:12.634,11.65234375,0,0,0,0,0,
20:55:12.654,11.6484375,0,0,0,0,0,
20:55:12.674,11.640625,0,0,0,0,0,
20:55:12.694,11.62109375,0,0,0,0,0,
20:55:12.714,11.62890625,0,0,0,0,0,
20:55:12.734,11.609375,0,0,0,0,0,
20:55:12.754,11.6328125,0,0,0,0,0,
20:55:12.774,11.59765625,0,0,0,0,0,
20:55:12.794,11.59765625,0,0,0,0,0,
20:55:12.814,11.62890625,0,0,0,0,0,
20:55:12.834,11.6796875,0,0,0,0,0,
20:55:12.854,11.65234375,0,0,0,0,0,
20:55:12.874,11.6015625,0,0,0,0,0,
20:55:12.894,11.671875,0,0,0,0,0,
20:55:12.914,11.6484375,0,0,0,0,0,
20:55:12.934,11.6796875,0,0,0,0,0,
20:55:12.954,11.6796875,0,0,0,0,0,
20:55:12.974,11.62890625,0,0,0,0,0,
20:55:12.994,11.671875,0,0,0,0,0,
20:55:13.014,11.6484375,0,0,0,0,0,
20:55:13.034,11.39453125,0,0,0,0,0,
20:55:13.054,11.125,0,0,0,0,0,
20:55:13.074,11.34375,0,0,0,0,0,
20:55:13.094,11.5390625,13.5,0,0,0,13.5,
20:55:13.114,11.5859375,13.5,0,0,0,13.5,
20:55:13.134,11.62109375,13.5,0,0,0,13.5,
20:55:13.154,11.6484375,2.25,0,0,0,2.25,
20:55:13.174,11.59765625,2.25,0,0,0,2.25,
20:55:13.194,11.59765625,2.25,0,0,0,2.25,
20:55:13.214,11.6640625,2.25,0,0,0,2.25,
20:55:13.234,11.6640625,0,0,0,0,0,
20:55:13.254,11.55078125,0,0,0,0,0,
20:55:13.274,11.51953125,0,0,0,0,0,
20:55:13.294,11.55078125,0,0,0,0,0,
20:55:13.314,11.58984375,0,0,0,0,0,
20:55:13.334,11.66015625,0,0,0,0,0,
20:55:13.354,11.7109375,0,0,0,0,0,
20:55:13.374,11.6328125,0,0,0,0,0,
20:55:13.394,11.6328125,0,0,0,0,0,
20:55:13.414,11.609375,0,0,0,0,0,
20:55:13.434,11.58984375,0,0,0,0,0,
20:55:13.454,11.6015625,0,0,0,0,0,
20:55:13.474,11.55859375,0,0,0,0,0,
20:55:13.494,11.5703125,0,0,0,0,0,
20:55:13.514,11.56640625,0,0,0,0,0,
20:55:13.534,11.640625,0,0,0,0,0,
20:55:13.554,11.671875,0,0,0,0,0,
20:55:13.574,11.6328125,0,0,0,0,0,
20:55:13.594,11.62890625,0,0,0,0,0,
20:55:13.614,11.6328125,0,0,0,0,0,
20:55:13.634,11.6796875,0,0,0,0,0,
20:55:13.654,11.6640625,0,0,0,0,0,
20:55:13.674,11.6015625,0,0,0,0,0,
20:55:13.694,11.6015625,0,0,0,0,0,
20:55:13.714,11.328125,0,0,0,0,0,
20:55:13.734,10.84375,3.75,0,0,0,3.75,
20:55:13.754,11.0546875,3.75,0,0,0,3.75,
20:55:13.774,11.46484375,3.75,0,0,0,3.75,
20:55:13.794,11.546875,19.875,0,0,0,19.875,
20:55:13.814,11.62109375,19.875,0,0,0,19.875,
20:55:13.834,11.6015625,19.875,0,0,0,19.875,
20:55:13.854,11.65234375,0,0,0,0,0,
20:55:13.874,11.6640625,0,0,0,0,0,
20:55:13.894,11.6015625,0,0,0,0,0,
20:55:13.914,11.6015625,0,0,0,0,0,
20:55:13.934,11.58984375,0,0,0,0,0,
20:55:13.954,11.5859375,0,0,0,0,0,
20:55:13.974,11.51953125,0,0,0,0,0,
20:55:13.994,11.56640625,0,0,0,0,0,
20:55:14.014,11.6328125,0,0,0,0,0,
20:55:14.034,11.6484375,0,0,0,0,0,
20:55:14.054,11.69140625,0,0,0,0,0,
20:55:14.074,11.640625,0,0,0,0,0,
20:55:14.094,11.6484375,0,0,0,0,0,
20:55:14.114,11.6328125,0,0,0,0,0,
20:55:14.134,11.62890625,0,0,0,0,0,
20:55:14.154,11.69140625,0,0,0,0,0,
20:55:14.174,11.66015625,0,0,0,0,0,
20:55:14.194,11.640625,0,0,0,0,0,
20:55:14.214,11.62890625,0,0,0,0,0,
20:55:14.234,11.640625,0,0,0,0,0,
20:55:14.254,11.6640625,0,0,0,0,0,
20:55:14.274,11.609375,0,0,0,0,0,
20:55:14.294,11.6171875,0,0,0,0,0,
20:55:14.314,11.62109375,0,0,0,0,0,
20:55:14.334,11.62890625,0,0,0,0,0,
20:55:14.354,11.66015625,0,0,0,0,0,
20:55:14.374,11.66015625,0,0,0,0,0,
20:55:14.394,11.609375,0,0,0,0,0,
20:55:14.414,11.6484375,0,0,0,0,0,
20:55:14.434,11.66015625,0,0,0,0,0,
20:55:14.454,11.6796875,0,0,0,0,0,
20:55:14.474,11.671875,0,0,0,0,0,
20:55:14.494,11.65234375,0,0,0,0,0,
20:55:14.514,11.6640625,0,0,0,0,0,
20:55:14.534,11.6796875,0,0,0,0,0,
20:55:14.554,11.6953125,0,0,0,0,0,
20:55:14.574,11.69140625,0,0,0,0,0,
20:55:14.594,11.65234375,0,0,0,0,0,
20:55:14.614,11.6484375,0,0,0,0,0,
20:55:14.634,11.671875,0,0,0,0,0,
20:55:14.654,11.6796875,0,0,0,0,0,
20:55:14.674,11.671875,0,0,0,0,0,
20:55:14.694,11.62109375,0,0,0,0,0,
20:55:14.714,11.6484375,0,0,0,0,0,
20:55:14.734,11.6796875,0,0,0,0,0,
20:55:14.754,11.68359375,0,0,0,0,0,
20:55:14.774,11.6796875,0,0,0,0,0,
20:55:14.794,11.6328125,0,0,0,0,0,
20:55:14.814,11.6640625,0,0,0,0,0,
20:55:14.834,11.68359375,0,0,0,0,0,
20:55:14.854,11.72265625,0,0,0,0,0,
20:55:14.874,11.68359375,0,0,0,0,0,
20:55:14.894,11.640625,0,0,0,0,0,
20:55:14.914,11.6640625,0,0,0,0,0,
20:55:14.934,11.671875,0,0,0,0,0,
20:55:14.954,11.7109375,0,0,0,0,0,
20:55:14.974,11.68359375,0,0,0,0,0,
20:55:14.994,11.6171875,0,0,0,0,0,
20:55:15.014,11.65234375,0,0,0,0,0,
20:55:15.034,11.66015625,0,0,0,0,0,
20:55:15.054,11.66015625,0,0,0,0,0,
20:55:15.074,11.65234375,0,0,0,0,0,
20:55:15.094,11.6484375,0,0,0,0,0,
20:55:15.114,11.66015625,0,0,0,0,0,
20:55:15.134,11.66015625,0,0,0,0,0,
20:55:15.154,11.68359375,0,0,0,0,0,
20:55:15.174,11.66015625,0,0,0,0,0,
20:55:15.194,11.58984375,0,0,0,0,0,
20:55:15.214,11.640625,0,0,0,0,0,
20:55:15.234,11.6640625,0,0,0,0,0,
20:55:15.254,11.6953125,0,0,0,0,0,
20:55:15.274,11.68359375,0,0,0,0,0,
20:55:15.294,11.62890625,0,0,0,0,0,
20:55:15.314,11.65234375,0,0,0,0,0,
20:55:15.334,11.6640625,0,0,0,0,0,
20:55:15.354,11.6953125,0,0,0,0,0,
20:55:15.374,11.6953125,0,0,0,0,0,
20:55:15.394,11.6171875,0,0,0,0,0,
20:55:15.414,11.6640625,0,0,0,0,0,
20:55:15.434,11.6640625,0,0,0,0,0,
20:55:15.454,11.6796875,0,0,0,0,0,
20:55:15.474,11.6796875,0,0,0,0,0,
20:55:15.494,11.6015625,0,0,0,0,0,
20:55:15.514,11.62890625,0,0,0,0,0,
20:55:15.534,11.6484375,0,0,0,0,0,
20:55:15.554,11.671875,0,0,0,0,0,
20:55:15.574,11.671875,0,0,0,0,0,
20:55:15.594,11.62109375,0,0,0,0,0,
20:55:15.614,11.6640625,0,0,0,0,0,
20:55:15.634,11.68359375,0,0,0,0,0,
20:55:15.654,11.7109375,0,0,0,0,0,
20:55:15.674,11.62109375,0,0,0,0,0,
20:55:15.694,11.65234375,0,0,0,0,0,
20:55:15.714,11.6640625,0,0,0,0,0,
20:55:15.734,11.69140625,0,0,0,0,0,
20:55:15.754,11.7109375,0,0,0,0,0,
20:55:15.774,11.71484375,0,0,0,0,0,
20:55:15.794,11.6640625,0,0,0,0,0,
20:55:15.814,11.6484375,0,0,0,0,0,
20:55:15.834,11.6640625,0,0,0,0,0,
20:55:15.854,11.68359375,0,0,0,0,0,
20:55:15.874,11.68359375,0,0,0,0,0,
20:55:15.894,11.62109375,0,0,0,0,0,
20:55:15.914,11.6484375,0,0,0,0,0,
20:55:15.934,11.6640625,0,0,0,0,0,
20:55:15.954,11.69140625,0,0,0,0,0,
20:55:15.974,11.69140625,0,0,0,0,0,
20:55:15.994,11.6328125,0,0,0,0,0,
20:55:16.014,11.5703125,0,0,0,0,0,
20:55:16.034,11.55859375,2,0,0,0,2,
20:55:16.054,11.546875,2,0,0,0,2,
20:55:16.074,11.6015625,2,0,0,0,2,
20:55:16.094,11.58984375,3.875,0,0,0,3.875,
20:55:16.114,11.640625,3.875,0,0,0,3.875,
20:55:16.134,11.671875,3.875,0,0,0,3.875,
20:55:16.154,11.68359375,0,0,0,0,0,
20:55:16.174,11.68359375,0,0,0,0,0,
20:55:16.194,11.65234375,0,0,0,0,0,
20:55:16.214,11.609375,0,0,0,0,0,
20:55:16.234,11.6328125,0,0,0,0,0,
20:55:16.254,11.6796875,0,0,0,0,0,
20:55:16.274,11.671875,0,0,0,0,0,
20:55:16.294,11.6328125,0,0,0,0,0,
20:55:16.314,11.62890625,0,0,0,0,0,
20:55:16.334,11.65234375,0,0,0,0,0,
20:55:16.354,11.68359375,0,0,0,0,0,
20:55:16.374,11.69140625,0,0,0,0,0,
20:55:16.394,11.6796875,0,0,0,0,0,
20:55:16.414,11.66015625,0,0,0,0,0,
20:55:16.434,11.6796875,0,0,0,0,0,
20:55:16.454,11.6953125,0,0,0,0,0,
20:55:16.474,11.7109375,0,0,0,0,0,
20:55:16.494,11.68359375,0,0,0,0,0,
20:55:16.514,11.66015625,0,0,0,0,0,
20:55:16.534,11.65234375,0,0,0,0,0,
20:55:16.554,11.6640625,0,0,0,0,0,
20:55:16.574,11.68359375,0,0,0,0,0,
20:55:16.594,11.65234375,0,0,0,0,0,
20:55:16.614,11.640625,0,0,0,0,0,
20:55:16.634,11.65234375,0,0,0,0,0,
20:55:16.654,11.62109375,0,0,0,0,0,
20:55:16.674,11.6953125,0,0,0,0,0,
20:55:16.694,11.6796875,0,0,0,0,0,
20:55:16.714,11.62890625,0,0,0,0,0,
20:55:16.734,11.640625,0,0,0,0,0,
20:55:16.754,11.640625,0,0,0,0,0,
20:55:16.774,11.6953125,0,0,0,0,0,
20:55:16.794,11.68359375,0,0,0,0,0,
20:55:16.814,11.66015625,0,0,0,0,0,
20:55:16.834,11.6796875,0,0,0,0,0,
20:55:16.854,11.671875,0,0,0,0,0,
20:55:16.874,11.71484375,0,0,0,0,0,
20:55:16.894,11.68359375,0,0,0,0,0,
20:55:16.914,11.65234375,0,0,0,0,0,
20:55:16.934,11.6796875,0,0,0,0,0,
20:55:16.954,11.671875,0,0,0,0,0,
20:55:16.974,11.68359375,0,0,0,0,0,
20:55:16.994,11.6953125,0,0,0,0,0,
20:55:17.014,11.6171875,0,0,0,0,0,
20:55:17.034,11.6640625,0,0,0,0,0,
20:55:17.054,11.69140625,0,0,0,0,0,
20:55:17.074,11.703125,0,0,0,0,0,
20:55:17.094,11.68359375,0,0,0,0,0,
20:55:17.114,11.65234375,0,0,0,0,0,
20:55:17.134,11.640625,0,0,0,0,0,
20:55:17.154,11.6796875,0,0,0,0,0,
20:55:17.174,11.703125,0,0,0,0,0,
20:55:17.194,11.7109375,0,0,0,0,0,
20:55:17.214,11.66015625,0,0,0,0,0,
20:55:17.234,11.6640625,0,0,0,0,0,
20:55:17.254,11.6796875,0,0,0,0,0,
20:55:17.274,11.68359375,0,0,0,0,0,
20:55:17.294,11.69140625,0,0,0,0,0,
20:55:17.314,11.65234375,0,0,0,0,0,
20:55:17.334,11.68359375,0,0,0,0,0,
20:55:17.354,11.6953125,0,0,0,0,0,
20:55:17.374,11.71484375,0,0,0,0,0,
20:55:17.394,11.7109375,0,0,0,0,0,
20:55:17.414,11.65234375,0,0,0,0,0,
20:55:17.434,11.640625,0,0,0,0,0,
20:55:17.454,11.66015625,0,0,0,0,0,
20:55:17.474,11.6640625,0,0,0,0,0,
20:55:17.494,11.69140625,0,0,0,0,0,
20:55:17.514,11.39453125,0,0,0,0,0,
20:55:17.534,10.92578125,0,0,0,0,0,
20:55:17.554,10.63671875,0,0,0,0,0,
20:55:17.574,11.03125,20.75,0,0,0,20.75,
20:55:17.594,11.2578125,20.75,0,0,0,20.75,
20:55:17.614,11.42578125,20.75,0,0,0,20.75,
20:55:17.634,11.56640625,14.875,0,0,0,14.875,
20:55:17.654,11.6015625,14.875,0,0,0,14.875,
20:55:17.674,11.5859375,14.875,0,0,0,14.875,
20:55:17.694,11.66015625,2.25,0,0,0,2.25,
20:55:17.714,11.671875,2.25,0,0,0,2.25,
20:55:17.734,11.6171875,2.25,0,0,0,2.25,
20:55:17.754,11.5703125,0,0,0,0,0,
20:55:17.774,11.53515625,0,0,0,0,0,
20:55:17.794,11.53515625,0,0,0,0,0,
20:55:17.814,11.578125,0,0,0,0,0,
20:55:17.834,11.56640625,0,0,0,0,0,
20:55:17.854,11.53515625,0,0,0,0,0,
20:55:17.874,11.58984375,0,0,0,0,0,
20:55:17.894,11.5859375,0,0,0,0,0,
20:55:17.914,11.6171875,0,0,0,0,0,
20:55:17.934,11.6484375,0,0,0,0,0,
20:55:17.954,11.65234375,0,0,0,0,0,
20:55:17.974,11.55859375,0,0,0,0,0,
20:55:17.994,11.53515625,0,0,0,0,0,
20:55:18.014,11.59765625,0,0,0,0,0,
20:55:18.034,11.66015625,0,0,0,0,0,
20:55:18.054,11.65234375,0,0,0,0,0,
20:55:18.074,11.59765625,0,0,0,0,0,
20:55:18.094,11.6171875,0,0,0,0,0,
20:55:18.114,11.6328125,0,0,0,0,0,
20:55:18.134,11.66015625,0,0,0,0,0,
20:55:18.154,11.65234375,0,0,0,0,0,
20:55:18.174,11.6171875,0,0,0,0,0,
20:55:18.194,11.6171875,0,0,0,0,0,
20:55:18.214,11.5859375,0,0,0,0,0,
20:55:18.234,11.6171875,0,0,0,0,0,
20:55:18.254,11.6484375,0,0,0,0,0,
20:55:18.274,11.6015625,0,0,0,0,0,
20:55:18.294,11.59765625,0,0,0,0,0,
20:55:18.314,11.609375,0,0,0,0,0,
20:55:18.334,11.6171875,0,0,0,0,0,
20:55:18.354,11.65234375,0,0,0,0,0,
20:55:18.374,11.578125,0,0,0,0,0,
20:55:18.394,11.609375,0,0,0,0,0,
20:55:18.414,11.62890625,0,0,0,0,0,
20:55:18.434,11.6328125,0,0,0,0,0,
20:55:18.454,11.66015625,0,0,0,0,0,
20:55:18.474,11.66015625,0,0,0,0,0,
20:55:18.494,11.62109375,0,0,0,0,0,
20:55:18.514,11.62890625,0,0,0,0,0,
20:55:18.534,11.65234375,0,0,0,0,0,
20:55:18.554,11.6640625,0,0,0,0,0,
20:55:18.574,11.65234375,0,0,0,0,0,
20:55:18.594,11.5859375,0,0,0,0,0,
20:55:18.614,11.5859375,0,0,0,0,0,
20:55:18.634,11.6328125,0,0,0,0,0,
20:55:18.654,11.65234375,0,0,0,0,0,
20:55:18.674,11.6328125,0,0,0,0,0,
20:55:18.694,11.6015625,0,0,0,0,0,
20:55:18.714,11.609375,0,0,0,0,0,
20:55:18.734,11.6171875,0,0,0,0,0,
20:55:18.754,11.66015625,0,0,0,0,0,
20:55:18.774,11.62890625,0,0,0,0,0,
20:55:18.794,11.58984375,0,0,0,0,0,
20:55:18.814,11.6328125,0,0,0,0,0,
20:55:18.834,11.62890625,0,0,0,0,0,
20:55:18.854,10.84765625,0,0,0,0,0,
20:55:18.874,10.52734375,0,0,0,0,0,
20:55:18.894,10.88671875,13.875,0,0,0,13.875,
20:55:18.914,11.09375,13.875,0,0,0,13.875,
20:55:18.934,11.359375,23.625,1.75,0,0,25.375,
20:55:18.954,11.43359375,23.625,1.75,0,0,25.375,
20:55:18.974,11.484375,23.625,1.75,0,0,25.375,
20:55:18.994,11.52734375,23.625,1.75,0,0,25.375,
20:55:19.014,11.49609375,4.625,0,0,0,4.625,
20:55:19.034,11.546875,4.625,0,0,0,4.625,
20:55:19.054,11.4453125,4.625,0,0,0,4.625,
20:55:19.074,11.49609375,4.375,0,0,0,4.375,
20:55:19.094,11.49609375,4.375,0,0,0,4.375,
20:55:19.114,11.30078125,4.375,0,0,0,4.375,
20:55:19.134,11.5078125,3.875,0,0,0,3.875,
20:55:19.154,11.53515625,3.875,0,0,0,3.875,
20:55:19.174,11.515625,3.875,0,0,0,3.875,
20:55:19.194,11.50390625,3.875,0,0,0,3.875,
20:55:19.214,11.45703125,3.5,0,0,0,3.5,
20:55:19.234,11.51953125,3.5,0,0,0,3.5,
20:55:19.254,11.5703125,3.5,0,0,0,3.5,
20:55:19.274,11.5078125,3.5,0,0,0,3.5,
20:55:19.294,11.49609375,3.5,0,0,0,3.5,
20:55:19.314,11.49609375,3.5,0,0,0,3.5,
20:55:19.334,11.48828125,4,0,0,0,4,
20:55:19.354,11.53515625,4,0,0,0,4,
20:55:19.374,11.50390625,4,0,0,0,4,
20:55:19.394,11.50390625,4.125,0,0,0,4.125,
20:55:19.414,11.484375,4.125,0,0,0,4.125,
20:55:19.434,11.46484375,4.125,0,0,0,4.125,
20:55:19.454,11.49609375,4.25,0,0,0,4.25,
20:55:19.474,11.52734375,4.25,0,0,0,4.25,
20:55:19.494,11.5390625,4.25,0,0,0,4.25,
20:55:19.514,11.46484375,4.25,0,0,0,4.25,
20:55:19.534,11.45703125,4.5,0,0,0,4.5,
20:55:19.554,11.484375,4.5,0,0,0,4.5,
20:55:19.574,11.6015625,4.375,0,0,0,4.375,
20:55:19.594,11.66015625,4.375,0,0,0,4.375,
20:55:19.614,11.6484375,4.375,0,0,0,4.375,
20:55:19.634,11.62109375,4.375,0,0,0,4.375,
20:55:19.654,11.6484375,0,0,0,0,0,
20:55:19.674,11.65234375,0,0,0,0,0,
20:55:19.694,11.671875,0,0,0,0,0,
20:55:19.714,11.65234375,0,0,0,0,0,
20:55:19.734,11.640625,0,0,0,0,0,
20:55:19.754,11.6328125,0,0,0,0,0,
20:55:19.774,11.6484375,0,0,0,0,0,
20:55:19.794,11.66015625,0,0,0,0,0,
20:55:19.814,11.65234375,0,0,0,0,0,
20:55:19.834,11.5859375,0,0,0,0,0,
20:55:19.854,11.578125,0,0,0,0,0,
20:55:19.874,11.640625,0,0,0,0,0,
20:55:19.894,11.65234375,0,0,0,0,0,
20:55:19.914,11.6640625,0,0,0,0,0,
20:55:19.934,11.6171875,0,0,0,0,0,
20:55:19.954,11.6171875,0,0,0,0,0,
20:55:19.974,11.640625,0,0,0,0,0,
20:55:19.994,11.66015625,0,0,0,0,0,
20:55:20.014,11.6953125,0,0,0,0,0,
20:55:20.034,11.671875,0,0,0,0,0,
20:55:20.054,11.609375,0,0,0,0,0,
20:55:20.074,11.6328125,0,0,0,0,0,
20:55:20.094,11.66015625,0,0,0,0,0,
20:55:20.114,11.6796875,0,0,0,0,0,
20:55:20.134,11.6640625,0,0,0,0,0,
20:55:20.154,11.39453125,2,0,0,0,2,
20:55:20.174,11.2578125,2,0,0,0,2,
20:55:20.194,11.14453125,2,0,0,0,2,
20:55:20.214,11.19921875,2,0,0,0,2,
20:55:20.234,11.421875,16,0,0,0,16,
20:55:20.254,11.515625,16,0,0,0,16,
20:55:20.274,11.50390625,16,0,0,0,16,
20:55:20.294,11.47265625,6.875,0,0,0,6.875,
20:55:20.314,11.484375,6.875,0,0,0,6.875,
20:55:20.334,11.515625,6.875,0,0,0,6.875,
20:55:20.354,11.53515625,4.625,0,0,0,4.625,
20:55:20.374,11.52734375,4.625,0,0,0,4.625,
20:55:20.394,11.51953125,4.625,0,0,0,4.625,
20:55:20.414,11.50390625,4.25,0,0,0,4.25,
20:55:20.434,11.49609375,4.25,0,0,0,4.25,
20:55:20.454,11.515625,4.25,0,0,0,4.25,
20:55:20.474,11.53515625,2.25,0,0,0,2.25,
20:55:20.494,11.53515625,2.25,0,0,0,2.25,
20:55:20.514,11.53515625,2.25,0,0,0,2.25,
20:55:20.534,11.53515625,2.25,0,0,0,2.25,
20:55:20.554,11.53515625,2.25,0,0,0,2.25,
20:55:20.574,11.53515625,2.25,0,0,0,2.25,
20:55:20.594,11.53515625,2.25,0,0,0,2.25,
20:55:20.614,11.53515625,2.25,0,0,0,2.25,
20:55:20.634,11.53515625,2.25,0,0,0,2.25,
20:55:20.654,11.53515625,2.25,0,0,0,2.25,
20:55:20.674,11.53515625,2.25,0,0,0,2.25,
20:55:20.694,11.53515625,2.25,0,0,0,2.25,
20:55:20.714,11.6484375,2.25,0,0,0,2.25,
20:55:20.734,11.6484375,2.25,0,0,0,2.25,
20:55:20.754,11.59765625,2.25,0,0,0,2.25,
20:55:20.774,11.640625,0,0,0,0,0,
20:55:20.794,11.640625,0,0,0,0,0,
20:55:20.814,11.640625,0,0,0,0,0,
20:55:20.834,11.640625,0,0,0,0,0,
20:55:20.854,11.6328125,0,0,0,0,0,
20:55:20.874,11.6328125,0,0,0,0,0,
20:55:20.894,11.59765625,0,0,0,0,0,
20:55:20.914,11.59765625,0,0,0,0,0,
20:55:20.934,11.59765625,0,0,0,0,0,
20:55:20.954,11.59765625,0,0,0,0,0,
20:55:20.974,11.640625,0,0,0,0,0,
20:55:20.994,11.62890625,0,0,0,0,0,
20:55:21.014,11.62890625,0,0,0,0,0,
20:55:21.034,11.66015625,0,0,0,0,0,
20:55:21.054,11.68359375,0,0,0,0,0,
20:55:21.074,11.68359375,0,0,0,0,0,
20:55:21.094,11.68359375,0,0,0,0,0,
20:55:21.114,11.68359375,0,0,0,0,0,
20:55:21.134,11.68359375,0,0,0,0,0,
20:55:21.154,11.68359375,0,0,0,0,0,
20:55:21.174,11.69140625,0,0,0,0,0,
20:55:21.194,11.68359375,0,0,0,0,0,
20:55:21.214,11.68359375,0,0,0,0,0,
20:55:21.234,11.62109375,32.75,0,0,1.875,34.625,
20:55:21.254,11.62109375,32.75,0,0,1.875,34.625,
20:55:21.274,11.62109375,32.75,0,0,1.875,34.625,
20:55:21.294,11.62109375,32.75,0,0,1.875,34.625,
20:55:21.314,11.62109375,32.75,0,0,1.875,34.625,
20:55:21.334,11.40625,32.75,0,0,1.875,34.625,
20:55:21.354,11.4453125,32.75,0,0,1.875,34.625,
20:55:21.374,11.45703125,32.75,0,0,1.875,34.625,
20:55:21.394,11.55078125,32.75,0,0,1.875,34.625,
20:55:21.414,11.6015625,31.25,0,2.25,2.125,35.625,
20:55:21.434,11.52734375,31.25,0,2.25,2.125,35.625,
20:55:21.454,11.4765625,2.5,0,0,0,2.5,
20:55:21.474,11.49609375,2.5,0,0,0,2.5,
20:55:21.494,11.48828125,2.5,0,0,0,2.5,
20:55:21.514,11.5390625,2.5,0,0,0,2.5,
20:55:21.534,11.55078125,4,0,0,0,4,
20:55:21.554,11.52734375,4,0,0,0,4,
20:55:21.574,11.48828125,4.375,0,0,0,4.375,
20:55:21.594,11.5078125,4.375,0,0,0,4.375,
20:55:21.614,11.50390625,4.375,0,0,0,4.375,
20:55:21.634,11.5078125,4.375,0,0,0,4.375,
20:55:21.654,11.578125,4.375,0,0,0,4.375,
20:55:21.674,11.53515625,4.375,0,0,0,4.375,
20:55:21.694,11.546875,4.375,0,0,0,4.375,
20:55:21.714,11.48828125,4.375,0,0,0,4.375,
20:55:21.734,11.515625,4,0,0,0,4,
20:55:21.754,11.49609375,4,0,0,0,4,
20:55:21.774,11.5390625,4.375,0,0,0,4.375,
20:55:21.794,11.5078125,4.375,0,0,0,4.375,
20:55:21.814,11.52734375,4.375,0,0,0,4.375,
20:55:21.834,11.45703125,4.375,0,0,0,4.375,
20:55:21.854,11.4765625,4.625,0,0,0,4.625,
20:55:21.874,11.5078125,4.625,0,0,0,4.625,
20:55:21.894,11.52734375,4.5,0,0,0,4.5,
20:55:21.914,11.53515625,4.5,0,0,0,4.5,
20:55:21.934,11.5859375,4.5,0,0,0,4.5,
20:55:21.954,11.47265625,4.5,0,0,0,4.5,
20:55:21.974,11.4765625,4.625,0,0,0,4.625,
20:55:21.994,11.48828125,4.625,0,0,0,4.625,
20:55:22.014,11.50390625,4.625,0,0,0,4.625,
20:55:22.034,11.51953125,5.25,0,0,0,5.25,
20:55:22.054,11.546875,5.25,0,0,0,5.25,
20:55:22.074,11.5390625,5.25,0,0,0,5.25,
20:55:22.094,11.44140625,5,0,0,0,5,
20:55:22.114,11.45703125,5,0,0,0,5,
20:55:22.134,11.5078125,5,0,0,0,5,
20:55:22.154,11.48828125,5.125,0,0,0,5.125,
20:55:22.174,11.515625,5.125,0,0,0,5.125,
20:55:22.194,11.515625,5.125,0,0,0,5.125,
20:55:22.214,11.47265625,5.125,0,0,0,5.125,
20:55:22.234,11.4765625,5.125,0,0,0,5.125,
20:55:22.254,11.48828125,5.125,0,0,0,5.125,
20:55:22.274,11.484375,5.125,0,0,0,5.125,
20:55:22.294,11.55078125,5.5,0,0,0,5.5,
20:55:22.314,11.640625,5.5,0,0,0,5.5,
20:55:22.334,11.6328125,5.5,0,0,0,5.5,
20:55:22.354,11.6171875,2.25,0,0,0,2.25,
20:55:22.374,11.640625,2.25,0,0,0,2.25,
20:55:22.394,11.6640625,2.25,0,0,0,2.25,
20:55:22.414,11.69140625,0,0,0,0,0,
20:55:22.434,11.6328125,0,0,0,0,0,
20:55:22.454,11.671875,0,0,0,0,0,
20:55:22.474,11.59765625,0,0,0,0,0,
20:55:22.494,11.6484375,0,0,0,0,0,
20:55:22.514,11.65234375,0,0,0,0,0,
20:55:22.534,11.640625,0,0,0,0,0,
20:55:22.554,11.6640625,0,0,0,0,0,
20:55:22.574,11.6015625,0,0,0,0,0,
20:55:22.594,11.62109375,0,0,0,0,0,
20:55:22.614,11.6328125,0,0,0,0,0,
20:55:22.634,11.671875,0,0,0,0,0,
20:55:22.654,11.6796875,0,0,0,0,0,
20:55:22.674,11.68359375,0,0,0,0,0,
20:55:22.694,11.6171875,0,0,0,0,0,
20:55:22.714,11.62109375,0,0,0,0,0,
20:55:22.734,11.6484375,0,0,0,0,0,
20:55:22.754,11.65234375,0,0,0,0,0,
20:55:22.774,11.6328125,0,0,0,0,0,
20:55:22.794,11.6171875,0,0,0,0,0,
20:55:22.814,11.52734375,2.25,0,0,0,2.25,
20:55:22.834,11.546875,2.25,0,0,0,2.25,
20:55:22.854,11.546875,2.25,0,0,0,2.25,
20:55:22.874,11.5390625,3.625,0,0,0,3.625,
20:55:22.894,11.6015625,3.625,0,0,0,3.625,
20:55:22.914,11.5859375,3.625,0,0,0,3.625,
20:55:22.934,11.53515625,4,0,0,0,4,
20:55:22.954,11.52734375,4,0,0,0,4,
20:55:22.974,11.51953125,4,0,0,0,4,
20:55:22.994,11.546875,4,0,0,0,4,
20:55:23.014,11.5703125,4,0,0,0,4,
20:55:23.034,11.55859375,4,0,0,0,4,
20:55:23.054,11.52734375,3.75,0,0,0,3.75,
20:55:23.074,11.578125,3.75,0,0,0,3.75,
20:55:23.094,11.5390625,3.75,0,0,0,3.75,
20:55:23.114,11.62109375,3.75,0,0,0,3.75,
20:55:23.134,11.640625,3.25,0,0,0,3.25,
20:55:23.154,11.69140625,3.25,0,0,0,3.25,
20:55:23.174,11.671875,0,0,0,0,0,
20:55:23.194,11.5859375,0,0,0,0,0,
20:55:23.214,11.6796875,0,0,0,0,0,
20:55:23.234,11.66015625,0,0,0,0,0,
20:55:23.254,11.671875,0,0,0,0,0,
20:55:23.274,11.6796875,0,0,0,0,0,
20:55:23.294,11.671875,0,0,0,0,0,
20:55:23.314,11.6171875,0,0,0,0,0,
20:55:23.334,11.65234375,0,0,0,0,0,
20:55:23.354,11.65234375,0,0,0,0,0,
20:55:23.374,11.6796875,0,0,0,0,0,
20:55:23.394,11.6640625,0,0,0,0,0,
20:55:23.414,11.6171875,0,0,0,0,0,
20:55:23.434,11.62109375,0,0,0,0,0,
20:55:23.454,11.6484375,0,0,0,0,0,
20:55:23.474,11.6484375,0,0,0,0,0,
20:55:23.494,11.68359375,0,0,0,0,0,
20:55:23.514,11.6640625,0,0,0,0,0,
20:55:23.534,11.62890625,0,0,0,0,0,
20:55:23.554,11.6171875,0,0,0,0,0,
20:55:23.574,11.65234375,0,0,0,0,0,
20:55:23.594,11.6796875,0,0,0,0,0,
20:55:23.614,11.703125,0,0,0,0,0,
20:55:23.634,11.69140625,0,0,0,0,0,
20:55:23.654,11.6484375,0,0,0,0,0,
20:55:23.674,11.6171875,0,0,0,0,0,
20:55:23.694,11.671875,0,0,0,0,0,
20:55:23.714,11.640625,0,0,0,0,0,
20:55:23.734,11.7109375,0,0,0,0,0,
20:55:23.754,11.62890625,0,0,0,0,0,
20:55:23.774,11.58984375,0,0,0,0,0,
20:55:23.794,11.62890625,0,0,0,0,0,
20:55:23.814,11.65234375,0,0,0,0,0,
20:55:23.834,11.671875,0,0,0,0,0,
20:55:23.854,11.68359375,0,0,0,0,0,
20:55:23.874,11.671875,0,0,0,0,0,
20:55:23.894,11.6171875,0,0,0,0,0,
20:55:23.914,11.640625,0,0,0,0,0,
20:55:23.934,11.66015625,0,0,0,0,0,
20:55:23.954,11.69140625,0,0,0,0,0,
20:55:23.974,11.6953125,0,0,0,0,0,
20:55:23.994,11.6640625,0,0,0,0,0,
20:55:24.014,11.62890625,0,0,0,0,0,
20:55:24.034,11.62890625,0,0,0,0,0,
20:55:24.054,11.69140625,0,0,0,0,0,
20:55:24.074,11.6953125,0,0,0,0,0,
20:55:24.094,11.6953125,0,0,0,0,0,
20:55:24.114,11.65234375,0,0,0,0,0,
